{"evening": {"RE11": {"16:40": 924.0, "17:40": 262.5, "18:40": 912.0, "19:40": 806.4, "20:40": 0.0}, "RE1": {"16:00": 2640.0, "17:00": 662.7272727272727, "18:00": 675.0, "19:00": 630.0, "20:00": 357.6}, "S6": {"16:40": 155.0, "17:00": 420.0, "17:10": 150.0, "17:20": 141.8181818181818, "17:40": 408.0, "18:00": 291.42857142857144, "18:10": 780.0, "18:20": 210.0, "18:40": 440.0, "19:00": 125.45454545454545, "19:10": 450.0, "19:20": 260.0, "19:40": 250.58823529411765, "20:10": 336.6666666666667, "20:40": 60.0}, "RE2": {"17:20": 570.0, "18:20": 609.4736842105264, "19:20": 525.0, "20:20": 612.0}, "RE6": {"16:30": 1791.4285714285713, "17:30": 480.0, "18:30": 534.0, "19:30": 394.2857142857143, "20:30": 248.57142857142858}, "RE4": {"16:20": 40.0, "16:30": 440.0, "16:40": 480.0, "17:10": 120.0, "17:20": 0.0, "17:30": 10.0, "17:40": 108.0, "18:20": 2700.0, "18:30": 0.0, "18:40": 135.0, "19:20": 0.0, "19:30": 10.0, "19:40": 960.0, "20:20": 0.0, "20:30": 0.0, "20:40": 0.0}}, "morning": {"S6": {"06:10": 1620.0, "06:30": 2460.0, "06:50": 342.3529411764706, "07:00": 437.14285714285717, "07:10": 696.0, "07:30": 217.14285714285714, "07:50": 382.5, "08:00": 172.5, "08:10": 348.0, "08:30": 276.0, "08:50": 322.5, "09:00": 120.0, "09:10": 313.3333333333333, "09:30": 137.14285714285714, "09:50": 252.0, "10:00": 288.0, "10:10": 12.0, "10:30": 82.5, "18:00": 0.0, "20:00": 60.0}, "RE2": {"07:00": 267.5, "08:00": 221.05263157894737, "09:00": 492.63157894736844, "10:00": 258.75, "20:00": 480.0}, "RE1": {"06:20": 1980.0, "07:20": 480.0, "08:20": 382.5, "09:20": 484.44444444444446, "10:20": 172.17391304347825, "18:20": 0.0, "20:20": 60.0}, "RE6": {"06:50": 228.0, "07:50": 287.36842105263156, "08:50": 323.4782608695652, "09:50": 98.57142857142857, "17:50": 0.0, "20:50": 0.0}, "RE11": {"06:30": 732.0, "07:30": 123.0, "08:30": 412.0, "09:30": 414.7826086956522, "10:30": 93.75, "20:30": 0.0}, "RE4": {"06:40": 1665.0, "07:40": 941.5384615384615, "08:40": 582.8571428571429, "09:40": 484.0, "10:40": 72.85714285714286}}, "aachen_evening": {"RE1": {"17:40": 990.0, "18:40": 992.5, "19:40": 525.0}, "RE5+RE9": {"16:50": 90.0, "17:50": 24.0, "18:50": 0.0, "19:50": 127.5}, "RE4": {"17:20": 576.0, "17:40": 570.0, "18:20": 303.52941176470586, "18:40": 386.6666666666667, "19:20": 437.6470588235294, "20:10": 240.0, "20:20": 374.11764705882354}, "RE13+RB33": {"16:40": 323.0769230769231, "17:40": 226.15384615384616, "19:40": 110.76923076923077}}, "aachen_morning": {"RE1": {"06:50": 246.0, "07:50": 352.5, "08:50": 109.0909090909091, "09:50": 120.0}, "RE4+BusRB20": {"06:50": 0.0, "07:50": 288.0, "08:50": 120.0, "09:50": 0.0}, "RE9+RE5": {"07:10": 0.0, "08:10": 0.0, "09:10": 105.0, "10:10": 96.0}, "RE4": {"06:50": 686.6666666666666, "07:20": 232.0, "08:20": 169.41176470588235, "09:20": 33.333333333333336, "10:20": 6.666666666666667}, "RB33+RE13": {"07:30": 0.0, "08:30": 53.333333333333336}}, "wuppertal_morning": {"RE4": {"06:50": 727.5, "07:50": 709.0909090909091, "08:50": 1560.0, "09:50": 1345.7142857142858}, "S8": {"07:00": 340.90909090909093, "07:10": 225.0, "07:20": 100.0, "07:30": 120.0, "08:00": 390.0, "08:10": 45.0, "08:20": 0.0, "08:30": 24.0, "09:00": 230.0, "09:10": 132.0, "09:20": 0.0, "09:30": 0.0, "10:00": 48.0, "10:10": 0.0, "10:20": 0.0}, "RE13": {"07:10": 517.1428571428571, "08:10": 430.0, "09:10": 488.1818181818182, "10:10": 471.8181818181818}}, "bonn_evening": {"RE5": {"16:50": 432.0, "17:50": 660.0, "18:50": 566.4, "19:50": 447.5}}, "wuppertal_evening": {"RE13": {"17:10": 344.3478260869565, "18:10": 757.5, "19:10": 1055.0, "20:10": 597.3913043478261}, "S8": {"16:50": 303.75, "17:00": 580.0, "17:10": 400.0, "17:30": 250.9090909090909, "17:50": 720.0, "18:00": 0.0, "18:10": 111.42857142857143, "18:30": 300.0, "18:50": 1110.0, "19:00": 60.0, "19:10": 144.0, "19:30": 528.0, "20:00": 151.42857142857142, "20:30": 11.428571428571429}, "RE4": {"17:40": 442.5, "18:40": 360.0, "19:40": 425.0}}, "bonn_morning": {"RE5": {"07:00": 451.42857142857144, "08:00": 630.0, "09:00": 170.0, "10:00": 180.0}}}