{"evening": {"RE11": {"15:40": 3120.0, "16:40": 1050.5263157894738, "17:40": 302.10526315789474, "18:40": 728.4, "19:40": 561.6, "20:40": 52.0}, "RE1": {"16:00": 2640.0, "17:00": 708.2142857142857, "18:00": 812.0689655172414, "19:00": 440.0, "20:00": 431.7857142857143}, "S6": {"01:40": 0.0, "16:20": 0.0, "16:40": 225.0, "17:00": 210.0, "17:10": 378.0, "17:20": 156.0, "17:40": 357.39130434782606, "18:00": 231.11111111111111, "18:10": 413.3333333333333, "18:20": 415.38461538461536, "18:40": 334.8837209302326, "19:00": 120.0, "19:10": 285.0, "19:20": 304.8, "19:40": 224.6153846153846, "20:10": 281.86046511627904, "20:40": 60.0}, "RE2": {"00:20": 0.0, "17:20": 607.0588235294117, "18:20": 630.0, "19:20": 510.0, "20:20": 550.0}, "RE6": {"00:30": 180.0, "01:30": 0.0, "16:30": 1527.6923076923076, "17:30": 512.0689655172414, "18:30": 689.433962264151, "19:20": 840.0, "19:30": 640.4347826086956, "20:30": 216.47058823529412}, "RE4": {"16:20": 30.0, "16:30": 440.0, "16:40": 480.0, "17:10": 120.0, "17:20": 30.0, "17:30": 8.571428571428571, "17:40": 108.0, "18:20": 1425.0, "18:30": 0.0, "18:40": 135.0, "19:20": 0.0, "19:30": 10.0, "19:40": 960.0, "20:20": 0.0, "20:30": 0.0, "20:40": 0.0}}, "morning": {"S6": {"00:30": 0.0, "06:10": 1620.0, "06:30": 1560.0, "06:50": 308.780487804878, "07:00": 275.29411764705884, "07:10": 696.0, "07:30": 294.64285714285717, "07:50": 415.38461538461536, "08:00": 180.0, "08:10": 350.0, "08:30": 269.49152542372883, "08:50": 303.0, "09:00": 365.45454545454544, "09:10": 277.5, "09:30": 219.42857142857142, "09:50": 252.0, "10:00": 124.0, "10:10": 30.0, "10:30": 102.63157894736842, "12:00": 0.0, "12:30": 0.0, "13:00": 0.0, "17:30": 0.0, "18:00": 0.0, "19:30": 0.0, "20:00": 60.0}, "RE2": {"00:00": 900.0, "07:00": 250.9090909090909, "08:00": 242.4, "09:00": 365.1063829787234, "10:00": 207.8048780487805, "12:00": 0.0, "19:00": 0.0, "20:00": 480.0}, "RE1": {"00:20": 360.0, "06:20": 2670.0, "07:20": 618.3673469387755, "08:20": 467.79661016949154, "09:20": 467.0, "10:20": 265.2631578947368, "11:20": 0.0, "12:20": 0.0, "17:20": 0.0, "18:20": 0.0, "19:20": 0.0, "20:20": 60.0}, "RE6": {"06:50": 318.0, "07:50": 185.76923076923077, "08:50": 279.62264150943395, "09:50": 96.0, "17:50": 0.0, "18:50": 0.0, "20:50": 0.0}, "RE11": {"06:30": 876.0, "07:30": 258.46153846153845, "08:30": 560.0, "09:30": 224.1509433962264, "10:30": 102.16216216216216, "17:30": 0.0, "20:30": 0.0}, "RE4": {"06:40": 1540.0, "07:40": 955.7142857142857, "08:40": 656.25, "09:40": 430.5882352941176, "10:40": 77.6470588235294}}, "aachen_evening": {"RE1": {"17:40": 1246.2857142857142, "18:40": 1110.5454545454545, "19:40": 658.125}, "RE5+RE9": {"16:50": 78.94736842105263, "17:50": 97.89473684210526, "18:50": 42.857142857142854, "19:50": 55.0}, "RE4": {"17:20": 1032.5, "17:40": 764.516129032258, "18:20": 393.9130434782609, "18:40": 480.0, "19:20": 404.3478260869565, "20:10": 255.0, "20:20": 604.8979591836735}, "RE13+RB33": {"16:40": 283.40425531914894, "17:40": 117.20930232558139, "18:40": 40.0, "19:40": 63.75}, "S8+RB33": {"16:50": 420.0, "18:30": 0.0, "18:50": 120.0, "19:30": 0.0}}, "aachen_morning": {"RE1": {"06:50": 288.0, "07:50": 430.0, "08:50": 215.59322033898306, "09:50": 100.0}, "RE4+BusRB20": {"06:50": 0.0, "07:50": 288.0, "08:50": 120.0, "09:50": 0.0}, "RE9+RE5": {"07:10": 80.0, "08:10": 150.0, "09:10": 90.0, "10:10": 48.0}, "RE4": {"06:50": 511.0344827586207, "07:20": 238.69565217391303, "08:20": 166.15384615384616, "09:20": 26.08695652173913, "10:20": 23.26530612244898}, "RB33+RE13": {"07:30": 155.3846153846154, "08:30": 136.5, "09:30": 0.0}, "RE18+RE4": {"06:40": 2340.0, "07:10": 0.0, "08:10": 0.0, "09:10": 0.0, "10:10": 12.0}}, "wuppertal_morning": {"RE4": {"06:50": 822.0, "07:50": 1275.5555555555557, "08:50": 1232.7272727272727, "09:50": 1140.0}, "S8": {"07:00": 298.6363636363636, "07:10": 208.0, "07:20": 120.0, "07:30": 131.25, "08:00": 390.0, "08:10": 45.0, "08:20": 0.0, "08:30": 24.0, "09:00": 197.14285714285714, "09:10": 132.0, "09:20": 0.0, "09:30": 0.0, "10:00": 48.0, "10:10": 0.0, "10:20": 0.0}, "RE13": {"07:10": 456.9230769230769, "08:10": 426.8181818181818, "09:10": 375.0, "10:10": 430.0}}, "bonn_evening": {"RE5": {"16:50": 690.9677419354839, "17:50": 815.4098360655738, "18:50": 776.8421052631579, "19:50": 304.91803278688525}}, "wuppertal_evening": {"RE13": {"17:10": 523.6363636363636, "18:10": 646.046511627907, "19:10": 692.6086956521739, "20:10": 429.3333333333333}, "S8": {"16:50": 482.0689655172414, "17:00": 415.38461538461536, "17:10": 201.42857142857142, "17:30": 271.42857142857144, "17:50": 720.0, "18:00": 0.0, "18:10": 192.0, "18:30": 300.0, "18:50": 1110.0, "19:00": 180.0, "19:10": 220.0, "19:30": 440.0, "20:00": 83.41463414634147, "20:30": 13.170731707317072}, "RE4": {"17:40": 495.55555555555554, "18:40": 464.0, "19:40": 472.94117647058823}}, "bonn_morning": {"RE5": {"07:00": 505.2, "08:00": 602.0689655172414, "09:00": 154.28571428571428, "10:00": 180.0}}}